{"sections":{"home_hero_slider_8daMni":{"type":"Home-hero-slider","blocks":{"slide_slider_adJya8":{"type":"slide-slider","settings":{"backgrround_image":"shopify:\/\/shop_images\/slideshow-1.webp","banner_text":"New Arrivals","banner_head":"Venice Haute <br> Couture","banner_button_url":"#","banner_button":"Shop Now","bottom_text":"The ReCotton Tee <span>|<\/span>","bottom_url":"#","bottom_button":"Shop Now"}},"slide_slider_6WJwRq":{"type":"slide-slider","settings":{"backgrround_image":"shopify:\/\/shop_images\/slideshow-2.webp","banner_text":"New Arrivals","banner_head":"Responsible <br> Denim Lab","banner_button_url":"#","banner_button":"Shop Now","bottom_text":"The ReCotton Tee <span>|<\/span>","bottom_url":"#","bottom_button":"Shop Now"}},"slide_slider_RfXU6D":{"type":"slide-slider","settings":{"backgrround_image":"shopify:\/\/shop_images\/slideshow-3.webp","banner_text":"New Arrivals","banner_head":"Ultimate Winter <br> Warmer","banner_button_url":"#","banner_button":"Shop Now","bottom_text":"The ReCotton Tee <span>|<span><\/span><\/span>","bottom_url":"","bottom_button":"Shop Now"}}},"block_order":["slide_slider_adJya8","slide_slider_6WJwRq","slide_slider_RfXU6D"],"settings":{"desktop_heading_scale":60,"desktop_body_scale":16,"mobile_heading_scale":28,"mobile_body_scale":16,"background_color":"","padding_top":0,"padding_bottom":0,"mobile_padding_top":0,"mobile_padding_bottom":0}},"home_catagery_collection_Jc9bfq":{"type":"Home-Catagery-collection","blocks":{"collection_CBR96L":{"type":"collection","settings":{"collection_slide":"frontpage"}},"collection_PGNKti":{"type":"collection","settings":{"collection_slide":"knite-wears"}},"collection_GXX47V":{"type":"collection","settings":{"collection_slide":"summer-bags"}},"collection_CMgPDk":{"type":"collection","settings":{"collection_slide":"sneakers"}},"collection_mgNnx7":{"type":"collection","settings":{"collection_slide":"accessories"}}},"block_order":["collection_CBR96L","collection_PGNKti","collection_GXX47V","collection_CMgPDk","collection_mgNnx7"],"settings":{"background_color":"","section_heading":"Shop by Categories","desktop_heading_scale":38,"mobile_heading_scale":28,"desktop_body_scale":18,"mobile_imgheading_scale":28,"mobile_body_scale":12,"padding_top":100,"padding_bottom":82,"mobile_padding_top":36,"mobile_padding_bottom":36}}},"order":["home_hero_slider_8daMni","home_catagery_collection_Jc9bfq"]}