{"sections":{"wishlist-item":{"type":"wishlist-items","settings":{}},"related-products":{"type":"related-products","disabled":true,"settings":{"heading":"You may also like","heading_size":"h1","products_to_show":4,"columns_desktop":4,"color_scheme":"","image_ratio":"adapt","image_shape":"default","show_secondary_image":false,"show_vendor":false,"show_rating":false,"columns_mobile":"2","padding_top":36,"padding_bottom":36}},"featured_collection_HMty7R":{"type":"featured-collection","settings":{"title":"Featured collection","heading_size":"h1","description":"","show_description":false,"description_style":"body","collection":"frontpage","products_to_show":4,"columns_desktop":4,"full_width":false,"show_view_all":false,"view_all_style":"solid","enable_desktop_slider":false,"color_scheme":"","image_ratio":"adapt","image_shape":"default","show_secondary_image":false,"show_vendor":false,"show_rating":false,"quick_add":"standard","columns_mobile":"2","swipe_on_mobile":false,"padding_top":36,"padding_bottom":36}}},"order":["wishlist-item","related-products","featured_collection_HMty7R"]}