{"name":"t:sections.footer.name","type":"footer","sections":{"footer":{"type":"footer","blocks":{"link_list_Cz8Wnd":{"type":"link_list","settings":{"heading":"Quick link","menu":"quick-link"}},"link_list_FHfcim":{"type":"link_list","settings":{"heading":"Company","menu":"footer"}}},"block_order":["link_list_Cz8Wnd","link_list_FHfcim"],"settings":{"color_scheme":"scheme-1","newsletter_enable":true,"newsletter_heading":"Subscribe to our emails","enable_follow_on_shop":true,"show_social":true,"enable_country_selector":true,"enable_language_selector":true,"payment_enable":true,"show_policy":false,"margin_top":0,"padding_top":36,"padding_bottom":36}}},"order":["footer"]}