{"name":"t:sections.header.name","type":"header","sections":{"announcement-bar":{"type":"announcement-bar","blocks":{"announcement-bar-0":{"type":"announcement","settings":{"text":"Free shipping for all orders from $60+","link":""}},"announcement_xVVHhm":{"type":"announcement","settings":{"text":"Free shipping for all orders from $60+","link":""}},"announcement_wy9jDt":{"type":"announcement","settings":{"text":"Free shipping for all orders from $60+","link":""}}},"block_order":["announcement-bar-0","announcement_xVVHhm","announcement_wy9jDt"],"settings":{"color_scheme":"scheme-4283d273-8e54-4916-82dc-146da537a67d","show_line_separator":false,"show_social":false,"auto_rotate":true,"change_slides_speed":9,"enable_country_selector":false,"enable_language_selector":false}},"header":{"type":"header","blocks":{"shop_image_bHH4At":{"type":"shop_image","settings":{"image_url":"shopify:\/\/collections\/all","shops_image":"shopify:\/\/shop_images\/shop-menu_95d6e495-d911-4fde-9e7d-21af8b978b1f.webp"}},"foxkit_image_RgwxGX":{"type":"foxkit_image","settings":{"foxkit_image_url":"shopify:\/\/collections","foxkit_shops_image":"shopify:\/\/shop_images\/foxkit-menu.webp"}},"colection_image_mB8Lej":{"type":"colection_image","settings":{"product_head":"Women Fashion","collection_select":"frontpage"}}},"block_order":["shop_image_bHH4At","foxkit_image_RgwxGX","colection_image_mB8Lej"],"settings":{"logo_position":"middle-center","menu":"main-menu","menu_type_desktop":"dropdown","sticky_header_type":"on-scroll-up","show_line_separator":true,"show_social":true,"color_scheme":"scheme-1","menu_color_scheme":"scheme-1","enable_country_selector":true,"enable_language_selector":true,"mobile_logo_position":"center","margin_bottom":0,"padding_top":20,"padding_bottom":20}}},"order":["announcement-bar","header"]}